[{"title_en":"Where do our Postdoc.Mobility grantees go? Europe is the trend","title_de":"Wohin zieht es durch Postdoc.Mobility geförderte Forschende? Europa liegt im Trend","title_fr":"Où vont nos boursières et boursiers Postdoc.Mobility ? L'Europe a le vent en poupe","author":"Oliver John;Martina Haug;Anne Jorstad","datastory_category":"standard","publication_date":"2022-07-13 01:00:00","languages":"en;de;fr","short_desc_en":"The SNSF sends hundreds of early-career researchers all over the world every year to take part in multi-year international research visits. Where do they go?","short_desc_de":"Jedes Jahr fördert der SNF Hunderte von jungen Forschenden, die für einen mehrjährigen Forschungsaufenthalt ins Ausland gehen. Doch wohin zieht es sie?","short_desc_fr":"Le FNS envoie chaque année des centaines de chercheuses et de chercheurs en début de carrière dans le monde entier pour participer à des séjours de recherche internationaux.","tags":"T300T,T290T,T70T,T150T","author_url":"datastories@snf.ch;datastories@snf.ch;datastories@snf.ch","top_story":false,"github_url":"https://github.com/snsf-data/datastory_fellowships_worldwide","doi":"https://doi.org/10.46446/datastory.where-do-our-postdoc-mobility-grantees-go"}]
